<hazelcast-client
        xmlns:xsi="http://www.w3.org/2001/XMLSchema-instance"
        xsi:schemaLocation="http://www.hazelcast.com/schema/client-config
     http://www.hazelcast.com/schema/client-config/hazelcast-client-config-3.10.xsd"
        xmlns="http://www.hazelcast.com/schema/client-config">
    <instance-name>gatewayHazelcastClient-{{ .Release.Namespace }}</instance-name>
    <network>
        <cluster-members>
            <!-- Set your Hazelcast server node addresses here -->
            <address>gw-hazelcast.{{ .Release.Namespace }}.svc.cluster.local:5701</address>
        </cluster-members>
        <connection-attempt-limit>10</connection-attempt-limit>
        <redo-operation>true</redo-operation>
    </network>
    <connection-strategy async-start="false" reconnect-mode="ON" />
</hazelcast-client>